cluster_kmeans,total_siniestros,% fallecidos,% lesionados,% ilesos,% usuarios_peaton,% usuarios_moto,% usuarios_particular
3,4508,4.081632653061225,51.15350488021295,44.764862466725816,7.852706299911269,21.76131322094055,29.259094942324754
0,3275,4.580152671755725,51.51145038167939,43.908396946564885,4.977099236641221,27.541984732824424,33.06870229007634
4,2468,3.6466774716369525,50.68881685575365,45.6645056726094,6.239870340356564,27.55267423014587,31.48298217179903
1,1918,4.900938477580814,49.113660062565174,45.98540145985402,6.934306569343065,20.177267987486967,34.09801876955162
2,1671,7.600239377618193,48.473967684021545,43.92579293836027,6.941950927588271,23.279473369239977,33.99162178336326
5,653,6.278713629402756,51.91424196018377,41.807044410413475,5.819295558958652,23.736600306278714,28.94333843797856
